Stock,Close,EMA20,EMA50,EMA200,RSI14,ATR14,RVOL20,RS_ROC20,CompositeScore,TrendContinuation_Flag,VCP_Flag,SEPA_Flag,Breakout_Flag,MeanReversion_Flag
ADANIENT,2239.0,2278.4059618984484,2349.961921350631,2449.925794008876,47.07527975584943,52.78571428571432,0.6720418252017689,,0,0,0,0,0,0
ADANIPORTS,1496.4,1497.485632588461,1475.3746232060184,1393.2103801578373,39.49476278496615,23.69285714285716,0.7595267059630144,,0,0,0,0,0,0
APOLLOHOSP,7012.5,7150.461564048206,7352.198594072192,7286.15011845137,29.779411764705884,107.89285714285714,0.7144664747012701,,0,0,0,0,0,0
ASIANPAINT,2799.9,2811.984224067381,2728.703778427518,2563.6909790547866,41.95770966975532,53.52857142857147,2.8395066272845324,,0,0,0,0,0,0
AXISBANK,1230.6,1255.9204151131253,1236.068291871657,1172.2835626313408,35.2131147540983,20.514285714285734,1.091339919366382,,0,0,0,0,0,0
BAJAJ-AUTO,9002.0,8980.554254748016,8949.41221703326,8777.178903062837,45.17453798767966,140.17857142857142,0.602546281356544,,2,1,0,1,0,0
BAJAJFINSV,2043.8,2057.683150285319,2059.516579692629,1987.0248644644175,42.06349206349201,36.97142857142858,1.3483000574704438,,0,0,0,0,0,0
BHARTIARTL,2097.7,2092.654792029981,2064.037189821616,1912.9641964664827,51.80505415162453,30.15000000000006,1.4170609809239394,,2,1,0,1,0,0
BRITANNIA,6103.0,5950.594417605565,5917.435813160324,5704.277657779198,67.22189173111244,115.53571428571429,0.7127886679908237,,1,0,0,1,0,0
CIPLA,1517.1,1510.9546901635763,1522.2344501090881,1517.74953588714,47.61904761904762,19.407142857142894,0.6922095652093687,,0,0,0,0,0,0
COALINDIA,385.6,381.9661271490336,382.6863233077776,390.7541522505436,61.0389610389612,4.982142857142845,0.9624755125322447,,0,0,0,0,0,0
DIVISLAB,6478.5,6408.341144868472,6410.560628303444,6212.258859634565,54.00572246065808,127.78571428571429,3.352317009677128,,0,0,0,0,0,0
EICHERMOT,7217.0,7119.89623899941,6986.2395811136375,6214.08102027692,55.75833857772184,120.35714285714286,0.8449030656631362,,2,1,0,1,0,0
GRASIM,2812.5,2781.0341246346825,2783.7059549770474,2727.879744667236,71.18200836820085,39.692857142857164,1.1455458377627912,,0,0,0,0,0,0
HCLTECH,1642.4,1645.2331025271772,1598.8474649744871,1583.7607238897256,49.86025712688653,28.08571428571429,1.4545841790929477,,1,1,0,0,0,0
HDFCBANK,985.5,993.6522629033682,991.5187200726465,961.0991426696949,40.2582159624413,12.278571428571436,1.4329093178215244,,0,0,0,0,0,0
HDFCLIFE,766.45,764.7285135066164,762.7613050253509,742.1629038377833,49.82973893303067,15.017857142857135,1.389247175376057,,2,1,0,1,0,0
HEROMOTOCO,5781.0,5942.83753209738,5778.312050099145,5092.113215751474,22.20421393841167,135.10714285714286,1.0524851904808095,,1,0,0,0,0,1
HINDALCO,852.0,827.7554460672964,805.7156796085277,732.4098586890196,67.15237302248127,16.875000000000007,1.1744378607393728,,0,0,0,0,0,0
HINDUNILVR,2280.0,2342.1606637412033,2410.460755389772,2449.2662478548245,23.034200526161968,47.84285714285719,0.6212755493351706,,0,0,0,0,0,0
ICICIBANK,1354.1,1368.46161947794,1375.1917238188578,1369.4194393089306,33.177570093457874,16.435714285714294,1.520462031904212,,0,0,0,0,0,0
INDUSINDBK,844.7,841.025424635282,822.465338694286,854.3078692407674,48.95789025946409,19.51785714285715,2.214422499639177,,0,0,0,0,0,0
INFY,1638.7,1587.5164939830022,1552.046049314804,1570.7654328768951,71.80385288966727,26.742857142857183,1.662986997662514,,1,0,0,0,1,0
ITC,401.05,402.59273932659534,405.06496390737044,416.542426540681,43.10344827586206,3.782142857142848,1.1908503610760592,,0,0,0,0,0,0
JSWSTEEL,1079.6,1118.5010917505024,1132.0133681452342,1074.8552092358432,26.532769556025414,26.185714285714262,0.5428412245622579,,0,0,0,0,0,0
KOTAKBANK,2159.5,2147.579875066586,2123.7715554520173,2059.848342407381,53.9377895433488,31.100000000000005,0.7909886720710285,,2,1,0,1,0,0
LT,4073.5,4030.3886189545824,3954.005956829945,3723.1517726591887,50.03775484520516,59.77857142857147,0.9315811034536027,,2,1,0,1,0,0
M&M,3603.6,3647.6930674464775,3617.9861460378133,3322.0549641219086,34.04993065187237,62.77857142857143,0.8081142008445672,,1,0,0,0,0,1
MARUTI,16414.0,16199.138680610922,15935.237591116591,14312.999205475551,58.771444382955174,220.14285714285714,1.183538694936568,,2,1,0,1,0,0
NESTLEIND,1244.4,1242.1164253313314,1240.4248138897317,1206.3190148620668,43.15878378378387,19.150000000000027,0.857434030531837,,1,0,0,1,0,0
NIFTY,25966.4,25934.192610698898,25774.924156349596,25007.3002044494,42.974124911903964,193.3107142857147,,,1,0,0,1,0,0
NTPC,319.9,323.3959421523696,327.875273464455,336.9112256440602,35.77075098814224,4.299999999999987,1.4797515349452302,,0,0,0,0,0,0
ONGC,232.89,238.97322455310064,242.39145487611134,245.08479035624842,23.083859332732032,3.7271428571428538,0.6811066575882926,,0,0,0,0,0,0
POWERGRID,263.45,266.34793862237245,273.1569141936088,285.8125579425394,37.74703557312256,4.075000000000001,1.4488453682126328,,0,0,0,0,0,0
RELIANCE,1565.1,1541.4043689835776,1507.309881927723,1430.0668558326238,49.567474048442904,21.221428571428582,1.3904013818144236,,1,0,0,1,0,0
SBILIFE,2028.4,2008.5064846450468,1965.1971664977978,1818.0795977257346,66.13636363636368,34.14285714285711,0.9259089020186657,,1,0,0,1,0,0
SBIN,980.3,966.0522921953284,942.2526706155895,862.3765358355801,53.60721442885768,13.439285714285713,0.561806929269503,,1,0,0,1,0,0
SHREECEM,25600.0,26288.725360632816,27191.620454983484,28469.62097484731,36.790923824959485,491.7857142857143,1.2636238180149504,,0,0,0,0,0,0
SUNPHARMA,1744.9,1778.0744234583256,1746.0355740814603,1702.0348825236044,33.799896319336455,27.271428571428583,1.30861838973055,,1,0,0,0,0,1
TATACONSUM,1184.0,1163.2826394416904,1155.0484498131937,1112.2917167050748,57.66312594840667,20.72857142857145,0.5911946806882135,,2,1,0,1,0,0
TATAMOTORS,352.65,357.7636826701133,415.39708456405697,588.458946532299,33.956834532374074,6.400000000000001,5.787608242997646,,0,0,0,0,0,0
TATASTEEL,168.69,168.93816100413127,170.09479438329942,162.69615308729522,50.110375275938196,3.1457142857142872,1.3421390393010695,,0,0,0,0,0,0
TCS,3282.0,3197.362355388114,3142.644283654197,3303.9396128771023,75.03369272237198,49.32857142857146,1.4064295507008135,,0,0,0,0,0,0
TECHM,1612.5,1552.8724933294984,1513.3242237799907,1517.5250418672683,74.26900584795322,25.257142857142885,1.0058739629674245,,0,0,0,0,0,0
TITAN,3930.1,3868.587175042673,3792.8250212039875,3593.25719885668,54.439959636730556,61.95714285714286,1.0453416474694794,,2,1,0,1,0,0
ULTRACEMCO,11496.0,11596.518859336487,11783.380993339935,11828.927516191963,42.61565836298932,157.5,0.7042959446439117,,0,0,0,0,0,0
UPL,751.55,747.6697583699282,734.0610155167358,683.2328487101071,50.3388189738625,16.007142857142842,2.5185663010300856,,2,1,0,1,0,0
WIPRO,264.45,256.76599406253166,251.69058493419107,254.96405418028914,75.8860065765437,3.800714285714282,1.5273127240852349,,1,0,1,0,0,0
